relpath,aosp_full_path,aosp_bp_dir,aosp_module,gradle_target
com/android/systemui/bouncer/ui/composable/BouncerContent.kt,compose/features/src/com/android/systemui/bouncer/ui/composable/BouncerContent.kt,.,SystemUI-core,SystemUI-SystemUI-core
com/android/systemui/bouncer/ui/composable/BouncerScene.kt,compose/features/src/com/android/systemui/bouncer/ui/composable/BouncerScene.kt,.,SystemUI-core,SystemUI-SystemUI-core
com/android/systemui/bouncer/ui/composable/BouncerSceneLayout.kt,compose/features/src/com/android/systemui/bouncer/ui/composable/BouncerSceneLayout.kt,.,SystemUI-core,SystemUI-SystemUI-core
com/android/systemui/bouncer/ui/composable/PasswordBouncer.kt,compose/features/src/com/android/systemui/bouncer/ui/composable/PasswordBouncer.kt,.,SystemUI-core,SystemUI-SystemUI-core
com/android/systemui/bouncer/ui/composable/PatternBouncer.kt,compose/features/src/com/android/systemui/bouncer/ui/composable/PatternBouncer.kt,.,SystemUI-core,SystemUI-SystemUI-core
com/android/systemui/bouncer/ui/composable/PinBouncer.kt,compose/features/src/com/android/systemui/bouncer/ui/composable/PinBouncer.kt,.,SystemUI-core,SystemUI-SystemUI-core
com/android/systemui/bouncer/ui/composable/PinInputDisplay.kt,compose/features/src/com/android/systemui/bouncer/ui/composable/PinInputDisplay.kt,.,SystemUI-core,SystemUI-SystemUI-core
com/android/systemui/common/ui/compose/Color.kt,compose/features/src/com/android/systemui/common/ui/compose/Color.kt,.,SystemUI-core,SystemUI-SystemUI-core
com/android/systemui/common/ui/compose/ContentDescription.kt,compose/features/src/com/android/systemui/common/ui/compose/ContentDescription.kt,.,SystemUI-core,SystemUI-SystemUI-core
com/android/systemui/common/ui/compose/Icon.kt,compose/features/src/com/android/systemui/common/ui/compose/Icon.kt,.,SystemUI-core,SystemUI-SystemUI-core
com/android/systemui/common/ui/compose/SelectedUserAwareInputConnection.kt,compose/features/src/com/android/systemui/common/ui/compose/SelectedUserAwareInputConnection.kt,.,SystemUI-core,SystemUI-SystemUI-core
com/android/systemui/common/ui/compose/TextExt.kt,compose/features/src/com/android/systemui/common/ui/compose/TextExt.kt,.,SystemUI-core,SystemUI-SystemUI-core
com/android/systemui/common/ui/compose/windowinsets/DisplayCutout.kt,compose/features/src/com/android/systemui/common/ui/compose/windowinsets/DisplayCutout.kt,.,SystemUI-core,SystemUI-SystemUI-core
com/android/systemui/common/ui/compose/windowinsets/ScreenDecorProvider.kt,compose/features/src/com/android/systemui/common/ui/compose/windowinsets/ScreenDecorProvider.kt,.,SystemUI-core,SystemUI-SystemUI-core
com/android/systemui/communal/ui/compose/CommunalContainer.kt,compose/features/src/com/android/systemui/communal/ui/compose/CommunalContainer.kt,.,SystemUI-core,SystemUI-SystemUI-core
com/android/systemui/communal/ui/compose/CommunalContent.kt,compose/features/src/com/android/systemui/communal/ui/compose/CommunalContent.kt,.,SystemUI-core,SystemUI-SystemUI-core
com/android/systemui/communal/ui/compose/CommunalHub.kt,compose/features/src/com/android/systemui/communal/ui/compose/CommunalHub.kt,.,SystemUI-core,SystemUI-SystemUI-core
com/android/systemui/communal/ui/compose/CommunalScene.kt,compose/features/src/com/android/systemui/communal/ui/compose/CommunalScene.kt,.,SystemUI-core,SystemUI-SystemUI-core
com/android/systemui/communal/ui/compose/CommunalTouchableSurface.kt,compose/features/src/com/android/systemui/communal/ui/compose/CommunalTouchableSurface.kt,.,SystemUI-core,SystemUI-SystemUI-core
com/android/systemui/communal/ui/compose/ContentListState.kt,compose/features/src/com/android/systemui/communal/ui/compose/ContentListState.kt,.,SystemUI-core,SystemUI-SystemUI-core
com/android/systemui/communal/ui/compose/DragAndDropTargetState.kt,compose/features/src/com/android/systemui/communal/ui/compose/DragAndDropTargetState.kt,.,SystemUI-core,SystemUI-SystemUI-core
com/android/systemui/communal/ui/compose/EnableWidgetDialog.kt,compose/features/src/com/android/systemui/communal/ui/compose/EnableWidgetDialog.kt,.,SystemUI-core,SystemUI-SystemUI-core
com/android/systemui/communal/ui/compose/GridDragDropState.kt,compose/features/src/com/android/systemui/communal/ui/compose/GridDragDropState.kt,.,SystemUI-core,SystemUI-SystemUI-core
com/android/systemui/communal/ui/compose/ResizeableItemFrame.kt,compose/features/src/com/android/systemui/communal/ui/compose/ResizeableItemFrame.kt,.,SystemUI-core,SystemUI-SystemUI-core
com/android/systemui/communal/ui/compose/ResponsiveLazyHorizontalGrid.kt,compose/features/src/com/android/systemui/communal/ui/compose/ResponsiveLazyHorizontalGrid.kt,.,SystemUI-core,SystemUI-SystemUI-core
com/android/systemui/communal/ui/compose/extensions/LazyGridStateExt.kt,compose/features/src/com/android/systemui/communal/ui/compose/extensions/LazyGridStateExt.kt,.,SystemUI-core,SystemUI-SystemUI-core
com/android/systemui/communal/ui/compose/extensions/ModifierExt.kt,compose/features/src/com/android/systemui/communal/ui/compose/extensions/ModifierExt.kt,.,SystemUI-core,SystemUI-SystemUI-core
com/android/systemui/communal/ui/compose/extensions/OffsetOperators.kt,compose/features/src/com/android/systemui/communal/ui/compose/extensions/OffsetOperators.kt,.,SystemUI-core,SystemUI-SystemUI-core
com/android/systemui/communal/ui/compose/extensions/PointerInputScopeExt.kt,compose/features/src/com/android/systemui/communal/ui/compose/extensions/PointerInputScopeExt.kt,.,SystemUI-core,SystemUI-SystemUI-core
com/android/systemui/communal/ui/compose/section/AmbientStatusBarSection.kt,compose/features/src/com/android/systemui/communal/ui/compose/section/AmbientStatusBarSection.kt,.,SystemUI-core,SystemUI-SystemUI-core
com/android/systemui/communal/ui/compose/section/CommunalPopupSection.kt,compose/features/src/com/android/systemui/communal/ui/compose/section/CommunalPopupSection.kt,.,SystemUI-core,SystemUI-SystemUI-core
com/android/systemui/communal/ui/compose/section/CommunalToDreamButtonSection.kt,compose/features/src/com/android/systemui/communal/ui/compose/section/CommunalToDreamButtonSection.kt,.,SystemUI-core,SystemUI-SystemUI-core
com/android/systemui/compose/modifiers/SysuiTestTag.kt,compose/features/src/com/android/systemui/compose/modifiers/SysuiTestTag.kt,.,SystemUI-core,SystemUI-SystemUI-core
com/android/systemui/dialog/ui/composable/AlertDialogContent.kt,compose/features/src/com/android/systemui/dialog/ui/composable/AlertDialogContent.kt,.,SystemUI-core,SystemUI-SystemUI-core
com/android/systemui/dream/ui/composable/DreamScene.kt,compose/features/src/com/android/systemui/dream/ui/composable/DreamScene.kt,.,SystemUI-core,SystemUI-SystemUI-core
com/android/systemui/fold/ui/composable/FoldPosture.kt,compose/features/src/com/android/systemui/fold/ui/composable/FoldPosture.kt,.,SystemUI-core,SystemUI-SystemUI-core
com/android/systemui/keyboard/stickykeys/ui/view/StickyKeysIndicator.kt,compose/features/src/com/android/systemui/keyboard/stickykeys/ui/view/StickyKeysIndicator.kt,.,SystemUI-core,SystemUI-SystemUI-core
com/android/systemui/keyguard/ui/composable/AlternateBouncer.kt,compose/features/src/com/android/systemui/keyguard/ui/composable/AlternateBouncer.kt,.,SystemUI-core,SystemUI-SystemUI-core
com/android/systemui/keyguard/ui/composable/LockscreenContent.kt,compose/features/src/com/android/systemui/keyguard/ui/composable/LockscreenContent.kt,.,SystemUI-core,SystemUI-SystemUI-core
com/android/systemui/keyguard/ui/composable/LockscreenLongPress.kt,compose/features/src/com/android/systemui/keyguard/ui/composable/LockscreenLongPress.kt,.,SystemUI-core,SystemUI-SystemUI-core
com/android/systemui/keyguard/ui/composable/LockscreenScene.kt,compose/features/src/com/android/systemui/keyguard/ui/composable/LockscreenScene.kt,.,SystemUI-core,SystemUI-SystemUI-core
com/android/systemui/keyguard/ui/composable/LockscreenSceneBlueprintModule.kt,compose/features/src/com/android/systemui/keyguard/ui/composable/LockscreenSceneBlueprintModule.kt,.,SystemUI-core,SystemUI-SystemUI-core
com/android/systemui/keyguard/ui/composable/blueprint/BlueprintAlignmentLines.kt,compose/features/src/com/android/systemui/keyguard/ui/composable/blueprint/BlueprintAlignmentLines.kt,.,SystemUI-core,SystemUI-SystemUI-core
com/android/systemui/keyguard/ui/composable/blueprint/BurnInState.kt,compose/features/src/com/android/systemui/keyguard/ui/composable/blueprint/BurnInState.kt,.,SystemUI-core,SystemUI-SystemUI-core
com/android/systemui/keyguard/ui/composable/blueprint/ClockTransition.kt,compose/features/src/com/android/systemui/keyguard/ui/composable/blueprint/ClockTransition.kt,.,SystemUI-core,SystemUI-SystemUI-core
com/android/systemui/keyguard/ui/composable/blueprint/CommunalBlueprint.kt,compose/features/src/com/android/systemui/keyguard/ui/composable/blueprint/CommunalBlueprint.kt,.,SystemUI-core,SystemUI-SystemUI-core
com/android/systemui/keyguard/ui/composable/blueprint/ComposableLockscreenSceneBlueprint.kt,compose/features/src/com/android/systemui/keyguard/ui/composable/blueprint/ComposableLockscreenSceneBlueprint.kt,.,SystemUI-core,SystemUI-SystemUI-core
com/android/systemui/keyguard/ui/composable/blueprint/DefaultBlueprint.kt,compose/features/src/com/android/systemui/keyguard/ui/composable/blueprint/DefaultBlueprint.kt,.,SystemUI-core,SystemUI-SystemUI-core
com/android/systemui/keyguard/ui/composable/blueprint/DefaultBlueprintModule.kt,compose/features/src/com/android/systemui/keyguard/ui/composable/blueprint/DefaultBlueprintModule.kt,.,SystemUI-core,SystemUI-SystemUI-core
com/android/systemui/keyguard/ui/composable/modifier/BurnInModifiers.kt,compose/features/src/com/android/systemui/keyguard/ui/composable/modifier/BurnInModifiers.kt,.,SystemUI-core,SystemUI-SystemUI-core
com/android/systemui/keyguard/ui/composable/section/AmbientIndicationSection.kt,compose/features/src/com/android/systemui/keyguard/ui/composable/section/AmbientIndicationSection.kt,.,SystemUI-core,SystemUI-SystemUI-core
com/android/systemui/keyguard/ui/composable/section/BottomAreaSection.kt,compose/features/src/com/android/systemui/keyguard/ui/composable/section/BottomAreaSection.kt,.,SystemUI-core,SystemUI-SystemUI-core
com/android/systemui/keyguard/ui/composable/section/DefaultClockSection.kt,compose/features/src/com/android/systemui/keyguard/ui/composable/section/DefaultClockSection.kt,.,SystemUI-core,SystemUI-SystemUI-core
com/android/systemui/keyguard/ui/composable/section/LockSection.kt,compose/features/src/com/android/systemui/keyguard/ui/composable/section/LockSection.kt,.,SystemUI-core,SystemUI-SystemUI-core
com/android/systemui/keyguard/ui/composable/section/MediaCarouselSection.kt,compose/features/src/com/android/systemui/keyguard/ui/composable/section/MediaCarouselSection.kt,.,SystemUI-core,SystemUI-SystemUI-core
com/android/systemui/keyguard/ui/composable/section/NotificationSection.kt,compose/features/src/com/android/systemui/keyguard/ui/composable/section/NotificationSection.kt,.,SystemUI-core,SystemUI-SystemUI-core
com/android/systemui/keyguard/ui/composable/section/OptionalSectionModule.kt,compose/features/src/com/android/systemui/keyguard/ui/composable/section/OptionalSectionModule.kt,.,SystemUI-core,SystemUI-SystemUI-core
com/android/systemui/keyguard/ui/composable/section/SettingsMenuSection.kt,compose/features/src/com/android/systemui/keyguard/ui/composable/section/SettingsMenuSection.kt,.,SystemUI-core,SystemUI-SystemUI-core
com/android/systemui/keyguard/ui/composable/section/SmartSpaceSection.kt,compose/features/src/com/android/systemui/keyguard/ui/composable/section/SmartSpaceSection.kt,.,SystemUI-core,SystemUI-SystemUI-core
com/android/systemui/keyguard/ui/composable/section/StatusBarSection.kt,compose/features/src/com/android/systemui/keyguard/ui/composable/section/StatusBarSection.kt,.,SystemUI-core,SystemUI-SystemUI-core
com/android/systemui/keyguard/ui/composable/section/TopAreaSection.kt,compose/features/src/com/android/systemui/keyguard/ui/composable/section/TopAreaSection.kt,.,SystemUI-core,SystemUI-SystemUI-core
com/android/systemui/keyguard/ui/composable/section/WeatherClockSection.kt,compose/features/src/com/android/systemui/keyguard/ui/composable/section/WeatherClockSection.kt,.,SystemUI-core,SystemUI-SystemUI-core
com/android/systemui/media/controls/ui/composable/MediaCarousel.kt,compose/features/src/com/android/systemui/media/controls/ui/composable/MediaCarousel.kt,.,SystemUI-core,SystemUI-SystemUI-core
com/android/systemui/media/controls/ui/composable/MediaCarouselStateLoader.kt,compose/features/src/com/android/systemui/media/controls/ui/composable/MediaCarouselStateLoader.kt,.,SystemUI-core,SystemUI-SystemUI-core
com/android/systemui/media/controls/ui/composable/MediaContentPicker.kt,compose/features/src/com/android/systemui/media/controls/ui/composable/MediaContentPicker.kt,.,SystemUI-core,SystemUI-SystemUI-core
com/android/systemui/notifications/ui/composable/NotificationHeadsUpHeight.kt,compose/features/src/com/android/systemui/notifications/ui/composable/NotificationHeadsUpHeight.kt,.,SystemUI-core,SystemUI-SystemUI-core
com/android/systemui/notifications/ui/composable/NotificationLockscreenScrim.kt,compose/features/src/com/android/systemui/notifications/ui/composable/NotificationLockscreenScrim.kt,.,SystemUI-core,SystemUI-SystemUI-core
com/android/systemui/notifications/ui/composable/NotificationScrimNestedScrollConnection.kt,compose/features/src/com/android/systemui/notifications/ui/composable/NotificationScrimNestedScrollConnection.kt,.,SystemUI-core,SystemUI-SystemUI-core
com/android/systemui/notifications/ui/composable/NotificationStackContentHeight.kt,compose/features/src/com/android/systemui/notifications/ui/composable/NotificationStackContentHeight.kt,.,SystemUI-core,SystemUI-SystemUI-core
com/android/systemui/notifications/ui/composable/NotificationStackNestedScrollConnection.kt,compose/features/src/com/android/systemui/notifications/ui/composable/NotificationStackNestedScrollConnection.kt,.,SystemUI-core,SystemUI-SystemUI-core
com/android/systemui/notifications/ui/composable/Notifications.kt,compose/features/src/com/android/systemui/notifications/ui/composable/Notifications.kt,.,SystemUI-core,SystemUI-SystemUI-core
com/android/systemui/notifications/ui/composable/NotificationsShadeOverlay.kt,compose/features/src/com/android/systemui/notifications/ui/composable/NotificationsShadeOverlay.kt,.,SystemUI-core,SystemUI-SystemUI-core
com/android/systemui/notifications/ui/composable/NotificationsShadeSessionModule.kt,compose/features/src/com/android/systemui/notifications/ui/composable/NotificationsShadeSessionModule.kt,.,SystemUI-core,SystemUI-SystemUI-core
com/android/systemui/people/ui/compose/PeopleScreen.kt,compose/features/src/com/android/systemui/people/ui/compose/PeopleScreen.kt,.,SystemUI-core,SystemUI-SystemUI-core
com/android/systemui/people/ui/compose/PeopleScreenEmpty.kt,compose/features/src/com/android/systemui/people/ui/compose/PeopleScreenEmpty.kt,.,SystemUI-core,SystemUI-SystemUI-core
com/android/systemui/qs/footer/ui/compose/FooterActions.kt,compose/features/src/com/android/systemui/qs/footer/ui/compose/FooterActions.kt,.,SystemUI-core,SystemUI-SystemUI-core
com/android/systemui/qs/ui/composable/BrightnessMirror.kt,compose/features/src/com/android/systemui/qs/ui/composable/BrightnessMirror.kt,.,SystemUI-core,SystemUI-SystemUI-core
com/android/systemui/qs/ui/composable/QSMediaMeasurePolicy.kt,compose/features/src/com/android/systemui/qs/ui/composable/QSMediaMeasurePolicy.kt,.,SystemUI-core,SystemUI-SystemUI-core
com/android/systemui/qs/ui/composable/QuickSettings.kt,compose/features/src/com/android/systemui/qs/ui/composable/QuickSettings.kt,.,SystemUI-core,SystemUI-SystemUI-core
com/android/systemui/qs/ui/composable/QuickSettingsScene.kt,compose/features/src/com/android/systemui/qs/ui/composable/QuickSettingsScene.kt,.,SystemUI-core,SystemUI-SystemUI-core
com/android/systemui/qs/ui/composable/QuickSettingsShadeOverlay.kt,compose/features/src/com/android/systemui/qs/ui/composable/QuickSettingsShadeOverlay.kt,.,SystemUI-core,SystemUI-SystemUI-core
com/android/systemui/qs/ui/composable/QuickSettingsTheme.kt,compose/features/src/com/android/systemui/qs/ui/composable/QuickSettingsTheme.kt,.,SystemUI-core,SystemUI-SystemUI-core
com/android/systemui/ribbon/ui/composable/Ribbon.kt,compose/features/src/com/android/systemui/ribbon/ui/composable/Ribbon.kt,.,SystemUI-core,SystemUI-SystemUI-core
com/android/systemui/scene/BouncerSceneModule.kt,compose/facade/enabled/src/com/android/systemui/scene/BouncerSceneModule.kt,.,SystemUI-core,SystemUI-SystemUI-core
com/android/systemui/scene/CommunalSceneModule.kt,compose/facade/enabled/src/com/android/systemui/scene/CommunalSceneModule.kt,.,SystemUI-core,SystemUI-SystemUI-core
com/android/systemui/scene/DreamSceneModule.kt,compose/facade/enabled/src/com/android/systemui/scene/DreamSceneModule.kt,.,SystemUI-core,SystemUI-SystemUI-core
com/android/systemui/scene/GoneSceneModule.kt,compose/facade/enabled/src/com/android/systemui/scene/GoneSceneModule.kt,.,SystemUI-core,SystemUI-SystemUI-core
com/android/systemui/scene/LockscreenSceneModule.kt,compose/facade/enabled/src/com/android/systemui/scene/LockscreenSceneModule.kt,.,SystemUI-core,SystemUI-SystemUI-core
com/android/systemui/scene/NotificationsShadeOverlayModule.kt,compose/facade/enabled/src/com/android/systemui/scene/NotificationsShadeOverlayModule.kt,.,SystemUI-core,SystemUI-SystemUI-core
com/android/systemui/scene/QuickSettingsSceneModule.kt,compose/facade/enabled/src/com/android/systemui/scene/QuickSettingsSceneModule.kt,.,SystemUI-core,SystemUI-SystemUI-core
com/android/systemui/scene/QuickSettingsShadeOverlayModule.kt,compose/facade/enabled/src/com/android/systemui/scene/QuickSettingsShadeOverlayModule.kt,.,SystemUI-core,SystemUI-SystemUI-core
com/android/systemui/scene/ShadeSceneModule.kt,compose/facade/enabled/src/com/android/systemui/scene/ShadeSceneModule.kt,.,SystemUI-core,SystemUI-SystemUI-core
com/android/systemui/scene/session/shared/SessionStorage.kt,compose/features/src/com/android/systemui/scene/session/shared/SessionStorage.kt,.,SystemUI-core,SystemUI-SystemUI-core
com/android/systemui/scene/session/ui/composable/Session.kt,compose/features/src/com/android/systemui/scene/session/ui/composable/Session.kt,.,SystemUI-core,SystemUI-SystemUI-core
com/android/systemui/scene/ui/composable/ActionableContent.kt,compose/features/src/com/android/systemui/scene/ui/composable/ActionableContent.kt,.,SystemUI-core,SystemUI-SystemUI-core
com/android/systemui/scene/ui/composable/GoneScene.kt,compose/features/src/com/android/systemui/scene/ui/composable/GoneScene.kt,.,SystemUI-core,SystemUI-SystemUI-core
com/android/systemui/scene/ui/composable/Overlay.kt,compose/features/src/com/android/systemui/scene/ui/composable/Overlay.kt,.,SystemUI-core,SystemUI-SystemUI-core
com/android/systemui/scene/ui/composable/Scene.kt,compose/features/src/com/android/systemui/scene/ui/composable/Scene.kt,.,SystemUI-core,SystemUI-SystemUI-core
com/android/systemui/scene/ui/composable/SceneContainer.kt,compose/features/src/com/android/systemui/scene/ui/composable/SceneContainer.kt,.,SystemUI-core,SystemUI-SystemUI-core
com/android/systemui/scene/ui/composable/SceneContainerInterruptionHandler.kt,compose/features/src/com/android/systemui/scene/ui/composable/SceneContainerInterruptionHandler.kt,.,SystemUI-core,SystemUI-SystemUI-core
com/android/systemui/scene/ui/composable/SceneContainerTransitions.kt,compose/features/src/com/android/systemui/scene/ui/composable/SceneContainerTransitions.kt,.,SystemUI-core,SystemUI-SystemUI-core
com/android/systemui/scene/ui/composable/SceneTransitionLayoutDataSource.kt,compose/features/src/com/android/systemui/scene/ui/composable/SceneTransitionLayoutDataSource.kt,.,SystemUI-core,SystemUI-SystemUI-core
com/android/systemui/scene/ui/composable/transitions/FromBouncerToGoneTransition.kt,compose/features/src/com/android/systemui/scene/ui/composable/transitions/FromBouncerToGoneTransition.kt,.,SystemUI-core,SystemUI-SystemUI-core
com/android/systemui/scene/ui/composable/transitions/FromCommunalToBouncerTransition.kt,compose/features/src/com/android/systemui/scene/ui/composable/transitions/FromCommunalToBouncerTransition.kt,.,SystemUI-core,SystemUI-SystemUI-core
com/android/systemui/scene/ui/composable/transitions/FromCommunalToShadeTransition.kt,compose/features/src/com/android/systemui/scene/ui/composable/transitions/FromCommunalToShadeTransition.kt,.,SystemUI-core,SystemUI-SystemUI-core
com/android/systemui/scene/ui/composable/transitions/FromDreamToBouncerTransition.kt,compose/features/src/com/android/systemui/scene/ui/composable/transitions/FromDreamToBouncerTransition.kt,.,SystemUI-core,SystemUI-SystemUI-core
com/android/systemui/scene/ui/composable/transitions/FromDreamToCommunalTransition.kt,compose/features/src/com/android/systemui/scene/ui/composable/transitions/FromDreamToCommunalTransition.kt,.,SystemUI-core,SystemUI-SystemUI-core
com/android/systemui/scene/ui/composable/transitions/FromDreamToGoneTransition.kt,compose/features/src/com/android/systemui/scene/ui/composable/transitions/FromDreamToGoneTransition.kt,.,SystemUI-core,SystemUI-SystemUI-core
com/android/systemui/scene/ui/composable/transitions/FromDreamToShadeTransition.kt,compose/features/src/com/android/systemui/scene/ui/composable/transitions/FromDreamToShadeTransition.kt,.,SystemUI-core,SystemUI-SystemUI-core
com/android/systemui/scene/ui/composable/transitions/FromGoneToQuickSettingsTransition.kt,compose/features/src/com/android/systemui/scene/ui/composable/transitions/FromGoneToQuickSettingsTransition.kt,.,SystemUI-core,SystemUI-SystemUI-core
com/android/systemui/scene/ui/composable/transitions/FromGoneToShadeTransition.kt,compose/features/src/com/android/systemui/scene/ui/composable/transitions/FromGoneToShadeTransition.kt,.,SystemUI-core,SystemUI-SystemUI-core
com/android/systemui/scene/ui/composable/transitions/FromGoneToSplitShadeTransition.kt,compose/features/src/com/android/systemui/scene/ui/composable/transitions/FromGoneToSplitShadeTransition.kt,.,SystemUI-core,SystemUI-SystemUI-core
com/android/systemui/scene/ui/composable/transitions/FromLockscreenToBouncerTransition.kt,compose/features/src/com/android/systemui/scene/ui/composable/transitions/FromLockscreenToBouncerTransition.kt,.,SystemUI-core,SystemUI-SystemUI-core
com/android/systemui/scene/ui/composable/transitions/FromLockscreenToCommunalTransition.kt,compose/features/src/com/android/systemui/scene/ui/composable/transitions/FromLockscreenToCommunalTransition.kt,.,SystemUI-core,SystemUI-SystemUI-core
com/android/systemui/scene/ui/composable/transitions/FromLockscreenToDreamTransition.kt,compose/features/src/com/android/systemui/scene/ui/composable/transitions/FromLockscreenToDreamTransition.kt,.,SystemUI-core,SystemUI-SystemUI-core
com/android/systemui/scene/ui/composable/transitions/FromLockscreenToGoneTransition.kt,compose/features/src/com/android/systemui/scene/ui/composable/transitions/FromLockscreenToGoneTransition.kt,.,SystemUI-core,SystemUI-SystemUI-core
com/android/systemui/scene/ui/composable/transitions/FromLockscreenToQuickSettingsTransition.kt,compose/features/src/com/android/systemui/scene/ui/composable/transitions/FromLockscreenToQuickSettingsTransition.kt,.,SystemUI-core,SystemUI-SystemUI-core
com/android/systemui/scene/ui/composable/transitions/FromLockscreenToShadeTransition.kt,compose/features/src/com/android/systemui/scene/ui/composable/transitions/FromLockscreenToShadeTransition.kt,.,SystemUI-core,SystemUI-SystemUI-core
com/android/systemui/scene/ui/composable/transitions/FromLockscreenToSplitShadeTransition.kt,compose/features/src/com/android/systemui/scene/ui/composable/transitions/FromLockscreenToSplitShadeTransition.kt,.,SystemUI-core,SystemUI-SystemUI-core
com/android/systemui/scene/ui/composable/transitions/FromNotificationsShadeToQuickSettingsShadeTransition.kt,compose/features/src/com/android/systemui/scene/ui/composable/transitions/FromNotificationsShadeToQuickSettingsShadeTransition.kt,.,SystemUI-core,SystemUI-SystemUI-core
com/android/systemui/scene/ui/composable/transitions/FromShadeToQuickSettingsTransition.kt,compose/features/src/com/android/systemui/scene/ui/composable/transitions/FromShadeToQuickSettingsTransition.kt,.,SystemUI-core,SystemUI-SystemUI-core
com/android/systemui/scene/ui/composable/transitions/ToBouncerTransition.kt,compose/features/src/com/android/systemui/scene/ui/composable/transitions/ToBouncerTransition.kt,.,SystemUI-core,SystemUI-SystemUI-core
com/android/systemui/scene/ui/composable/transitions/ToNotificationsShadeTransition.kt,compose/features/src/com/android/systemui/scene/ui/composable/transitions/ToNotificationsShadeTransition.kt,.,SystemUI-core,SystemUI-SystemUI-core
com/android/systemui/scene/ui/composable/transitions/ToQuickSettingsShadeTransition.kt,compose/features/src/com/android/systemui/scene/ui/composable/transitions/ToQuickSettingsShadeTransition.kt,.,SystemUI-core,SystemUI-SystemUI-core
com/android/systemui/scene/ui/composable/transitions/ToQuickSettingsTransition.kt,compose/features/src/com/android/systemui/scene/ui/composable/transitions/ToQuickSettingsTransition.kt,.,SystemUI-core,SystemUI-SystemUI-core
com/android/systemui/scene/ui/composable/transitions/ToShadeTransition.kt,compose/features/src/com/android/systemui/scene/ui/composable/transitions/ToShadeTransition.kt,.,SystemUI-core,SystemUI-SystemUI-core
com/android/systemui/shade/ui/composable/OverlayShade.kt,compose/features/src/com/android/systemui/shade/ui/composable/OverlayShade.kt,.,SystemUI-core,SystemUI-SystemUI-core
com/android/systemui/shade/ui/composable/ShadeHeader.kt,compose/features/src/com/android/systemui/shade/ui/composable/ShadeHeader.kt,.,SystemUI-core,SystemUI-SystemUI-core
com/android/systemui/shade/ui/composable/ShadeMediaOffsetProvider.kt,compose/features/src/com/android/systemui/shade/ui/composable/ShadeMediaOffsetProvider.kt,.,SystemUI-core,SystemUI-SystemUI-core
com/android/systemui/shade/ui/composable/ShadeScene.kt,compose/features/src/com/android/systemui/shade/ui/composable/ShadeScene.kt,.,SystemUI-core,SystemUI-SystemUI-core
com/android/systemui/shade/ui/composable/SingleShadeMeasurePolicy.kt,compose/features/src/com/android/systemui/shade/ui/composable/SingleShadeMeasurePolicy.kt,.,SystemUI-core,SystemUI-SystemUI-core
com/android/systemui/shade/ui/composable/VariableDayDate.kt,compose/features/src/com/android/systemui/shade/ui/composable/VariableDayDate.kt,.,SystemUI-core,SystemUI-SystemUI-core
com/android/systemui/statusbar/phone/EdgeToEdgeDialogDelegate.kt,compose/features/src/com/android/systemui/statusbar/phone/EdgeToEdgeDialogDelegate.kt,.,SystemUI-core,SystemUI-SystemUI-core
com/android/systemui/statusbar/phone/SystemUIDialogFactoryExt.kt,compose/features/src/com/android/systemui/statusbar/phone/SystemUIDialogFactoryExt.kt,.,SystemUI-core,SystemUI-SystemUI-core
com/android/systemui/volume/panel/component/anc/AncModule.kt,compose/features/src/com/android/systemui/volume/panel/component/anc/AncModule.kt,.,SystemUI-core,SystemUI-SystemUI-core
com/android/systemui/volume/panel/component/anc/ui/composable/AncButtonComponent.kt,compose/features/src/com/android/systemui/volume/panel/component/anc/ui/composable/AncButtonComponent.kt,.,SystemUI-core,SystemUI-SystemUI-core
com/android/systemui/volume/panel/component/anc/ui/composable/AncPopup.kt,compose/features/src/com/android/systemui/volume/panel/component/anc/ui/composable/AncPopup.kt,.,SystemUI-core,SystemUI-SystemUI-core
com/android/systemui/volume/panel/component/anc/ui/composable/SliceAndroidView.kt,compose/features/src/com/android/systemui/volume/panel/component/anc/ui/composable/SliceAndroidView.kt,.,SystemUI-core,SystemUI-SystemUI-core
com/android/systemui/volume/panel/component/bottombar/BottomBarModule.kt,compose/features/src/com/android/systemui/volume/panel/component/bottombar/BottomBarModule.kt,.,SystemUI-core,SystemUI-SystemUI-core
com/android/systemui/volume/panel/component/bottombar/ui/BottomBarComponent.kt,compose/features/src/com/android/systemui/volume/panel/component/bottombar/ui/BottomBarComponent.kt,.,SystemUI-core,SystemUI-SystemUI-core
com/android/systemui/volume/panel/component/button/ui/composable/BottomComponentButtonSurface.kt,compose/features/src/com/android/systemui/volume/panel/component/button/ui/composable/BottomComponentButtonSurface.kt,.,SystemUI-core,SystemUI-SystemUI-core
com/android/systemui/volume/panel/component/button/ui/composable/ButtonComponent.kt,compose/features/src/com/android/systemui/volume/panel/component/button/ui/composable/ButtonComponent.kt,.,SystemUI-core,SystemUI-SystemUI-core
com/android/systemui/volume/panel/component/button/ui/composable/ToggleButtonComponent.kt,compose/features/src/com/android/systemui/volume/panel/component/button/ui/composable/ToggleButtonComponent.kt,.,SystemUI-core,SystemUI-SystemUI-core
com/android/systemui/volume/panel/component/captioning/CaptioningModule.kt,compose/features/src/com/android/systemui/volume/panel/component/captioning/CaptioningModule.kt,.,SystemUI-core,SystemUI-SystemUI-core
com/android/systemui/volume/panel/component/mediaoutput/MediaOutputModule.kt,compose/features/src/com/android/systemui/volume/panel/component/mediaoutput/MediaOutputModule.kt,.,SystemUI-core,SystemUI-SystemUI-core
com/android/systemui/volume/panel/component/mediaoutput/ui/composable/MediaOutputComponent.kt,compose/features/src/com/android/systemui/volume/panel/component/mediaoutput/ui/composable/MediaOutputComponent.kt,.,SystemUI-core,SystemUI-SystemUI-core
com/android/systemui/volume/panel/component/popup/ui/composable/VolumePanelPopup.kt,compose/features/src/com/android/systemui/volume/panel/component/popup/ui/composable/VolumePanelPopup.kt,.,SystemUI-core,SystemUI-SystemUI-core
com/android/systemui/volume/panel/component/selector/ui/composable/VolumePanelRadioButtons.kt,compose/features/src/com/android/systemui/volume/panel/component/selector/ui/composable/VolumePanelRadioButtons.kt,.,SystemUI-core,SystemUI-SystemUI-core
com/android/systemui/volume/panel/component/spatialaudio/SpatialAudioModule.kt,compose/features/src/com/android/systemui/volume/panel/component/spatialaudio/SpatialAudioModule.kt,.,SystemUI-core,SystemUI-SystemUI-core
com/android/systemui/volume/panel/component/spatialaudio/ui/composable/SpatialAudioComponent.kt,compose/features/src/com/android/systemui/volume/panel/component/spatialaudio/ui/composable/SpatialAudioComponent.kt,.,SystemUI-core,SystemUI-SystemUI-core
com/android/systemui/volume/panel/component/spatialaudio/ui/composable/SpatialAudioPopup.kt,compose/features/src/com/android/systemui/volume/panel/component/spatialaudio/ui/composable/SpatialAudioPopup.kt,.,SystemUI-core,SystemUI-SystemUI-core
com/android/systemui/volume/panel/component/volume/VolumeSlidersModule.kt,compose/features/src/com/android/systemui/volume/panel/component/volume/VolumeSlidersModule.kt,.,SystemUI-core,SystemUI-SystemUI-core
com/android/systemui/volume/panel/component/volume/ui/composable/ColumnVolumeSliders.kt,compose/features/src/com/android/systemui/volume/panel/component/volume/ui/composable/ColumnVolumeSliders.kt,.,SystemUI-core,SystemUI-SystemUI-core
com/android/systemui/volume/panel/component/volume/ui/composable/GridVolumeSliders.kt,compose/features/src/com/android/systemui/volume/panel/component/volume/ui/composable/GridVolumeSliders.kt,.,SystemUI-core,SystemUI-SystemUI-core
com/android/systemui/volume/panel/component/volume/ui/composable/VolumeSlider.kt,compose/features/src/com/android/systemui/volume/panel/component/volume/ui/composable/VolumeSlider.kt,.,SystemUI-core,SystemUI-SystemUI-core
com/android/systemui/volume/panel/component/volume/ui/composable/VolumeSliderContent.kt,compose/features/src/com/android/systemui/volume/panel/component/volume/ui/composable/VolumeSliderContent.kt,.,SystemUI-core,SystemUI-SystemUI-core
com/android/systemui/volume/panel/component/volume/ui/composable/VolumeSlidersComponent.kt,compose/features/src/com/android/systemui/volume/panel/component/volume/ui/composable/VolumeSlidersComponent.kt,.,SystemUI-core,SystemUI-SystemUI-core
com/android/systemui/volume/panel/ui/composable/ComposeVolumePanelUiComponent.kt,compose/features/src/com/android/systemui/volume/panel/ui/composable/ComposeVolumePanelUiComponent.kt,.,SystemUI-core,SystemUI-SystemUI-core
com/android/systemui/volume/panel/ui/composable/HorizontalVolumePanelContent.kt,compose/features/src/com/android/systemui/volume/panel/ui/composable/HorizontalVolumePanelContent.kt,.,SystemUI-core,SystemUI-SystemUI-core
com/android/systemui/volume/panel/ui/composable/VerticalVolumePanelContent.kt,compose/features/src/com/android/systemui/volume/panel/ui/composable/VerticalVolumePanelContent.kt,.,SystemUI-core,SystemUI-SystemUI-core
com/android/systemui/volume/panel/ui/composable/VolumePanelComposeScope.kt,compose/features/src/com/android/systemui/volume/panel/ui/composable/VolumePanelComposeScope.kt,.,SystemUI-core,SystemUI-SystemUI-core
com/android/systemui/volume/panel/ui/composable/VolumePanelRoot.kt,compose/features/src/com/android/systemui/volume/panel/ui/composable/VolumePanelRoot.kt,.,SystemUI-core,SystemUI-SystemUI-core
com/android/compose/PlatformButtons.kt,compose/core/src/com/android/compose/PlatformButtons.kt,compose/core,PlatformComposeCore,SystemUI-compose-core
com/android/compose/PlatformSlider.kt,compose/core/src/com/android/compose/PlatformSlider.kt,compose/core,PlatformComposeCore,SystemUI-compose-core
com/android/compose/SystemUiController.kt,compose/core/src/com/android/compose/SystemUiController.kt,compose/core,PlatformComposeCore,SystemUI-compose-core
com/android/compose/animation/Bounceable.kt,compose/core/src/com/android/compose/animation/Bounceable.kt,compose/core,PlatformComposeCore,SystemUI-compose-core
com/android/compose/animation/Easings.kt,compose/core/src/com/android/compose/animation/Easings.kt,compose/core,PlatformComposeCore,SystemUI-compose-core
com/android/compose/animation/Expandable.kt,compose/core/src/com/android/compose/animation/Expandable.kt,compose/core,PlatformComposeCore,SystemUI-compose-core
com/android/compose/animation/ExpandableController.kt,compose/core/src/com/android/compose/animation/ExpandableController.kt,compose/core,PlatformComposeCore,SystemUI-compose-core
com/android/compose/gesture/NestedDraggable.kt,compose/core/src/com/android/compose/gesture/NestedDraggable.kt,compose/core,PlatformComposeCore,SystemUI-compose-core
com/android/compose/gesture/OrientationAware.kt,compose/core/src/com/android/compose/gesture/OrientationAware.kt,compose/core,PlatformComposeCore,SystemUI-compose-core
com/android/compose/grid/Grids.kt,compose/core/src/com/android/compose/grid/Grids.kt,compose/core,PlatformComposeCore,SystemUI-compose-core
com/android/compose/modifiers/ConditionalModifiers.kt,compose/core/src/com/android/compose/modifiers/ConditionalModifiers.kt,compose/core,PlatformComposeCore,SystemUI-compose-core
com/android/compose/modifiers/FadingBackground.kt,compose/core/src/com/android/compose/modifiers/FadingBackground.kt,compose/core,PlatformComposeCore,SystemUI-compose-core
com/android/compose/modifiers/MeasureTracing.kt,compose/core/src/com/android/compose/modifiers/MeasureTracing.kt,compose/core,PlatformComposeCore,SystemUI-compose-core
com/android/compose/modifiers/Padding.kt,compose/core/src/com/android/compose/modifiers/Padding.kt,compose/core,PlatformComposeCore,SystemUI-compose-core
com/android/compose/modifiers/Size.kt,compose/core/src/com/android/compose/modifiers/Size.kt,compose/core,PlatformComposeCore,SystemUI-compose-core
com/android/compose/runtime/MovableContent.kt,compose/core/src/com/android/compose/runtime/MovableContent.kt,compose/core,PlatformComposeCore,SystemUI-compose-core
com/android/compose/theme/AndroidColorScheme.kt,compose/core/src/com/android/compose/theme/AndroidColorScheme.kt,compose/core,PlatformComposeCore,SystemUI-compose-core
com/android/compose/theme/Color.kt,compose/core/src/com/android/compose/theme/Color.kt,compose/core,PlatformComposeCore,SystemUI-compose-core
com/android/compose/theme/PlatformTheme.kt,compose/core/src/com/android/compose/theme/PlatformTheme.kt,compose/core,PlatformComposeCore,SystemUI-compose-core
com/android/compose/theme/typography/PlatformTypography.kt,compose/core/src/com/android/compose/theme/typography/PlatformTypography.kt,compose/core,PlatformComposeCore,SystemUI-compose-core
com/android/compose/theme/typography/TypeScaleTokens.kt,compose/core/src/com/android/compose/theme/typography/TypeScaleTokens.kt,compose/core,PlatformComposeCore,SystemUI-compose-core
com/android/compose/theme/typography/TypefaceTokens.kt,compose/core/src/com/android/compose/theme/typography/TypefaceTokens.kt,compose/core,PlatformComposeCore,SystemUI-compose-core
com/android/compose/theme/typography/TypographyTokens.kt,compose/core/src/com/android/compose/theme/typography/TypographyTokens.kt,compose/core,PlatformComposeCore,SystemUI-compose-core
com/android/compose/ui/graphics/DrawInContainer.kt,compose/core/src/com/android/compose/ui/graphics/DrawInContainer.kt,compose/core,PlatformComposeCore,SystemUI-compose-core
com/android/compose/ui/graphics/DrawInOverlay.kt,compose/core/src/com/android/compose/ui/graphics/DrawInOverlay.kt,compose/core,PlatformComposeCore,SystemUI-compose-core
com/android/compose/ui/graphics/painter/DrawablePainter.kt,compose/core/src/com/android/compose/ui/graphics/painter/DrawablePainter.kt,compose/core,PlatformComposeCore,SystemUI-compose-core
com/android/compose/windowsizeclass/WindowSizeClass.kt,compose/core/src/com/android/compose/windowsizeclass/WindowSizeClass.kt,compose/core,PlatformComposeCore,SystemUI-compose-core
com/android/compose/animation/scene/AnimateContent.kt,compose/scene/src/com/android/compose/animation/scene/AnimateContent.kt,compose/scene,PlatformComposeSceneTransitionLayout,SystemUI-compose-scene
com/android/compose/animation/scene/AnimateOverlay.kt,compose/scene/src/com/android/compose/animation/scene/AnimateOverlay.kt,compose/scene,PlatformComposeSceneTransitionLayout,SystemUI-compose-scene
com/android/compose/animation/scene/AnimateSharedAsState.kt,compose/scene/src/com/android/compose/animation/scene/AnimateSharedAsState.kt,compose/scene,PlatformComposeSceneTransitionLayout,SystemUI-compose-scene
com/android/compose/animation/scene/AnimateToScene.kt,compose/scene/src/com/android/compose/animation/scene/AnimateToScene.kt,compose/scene,PlatformComposeSceneTransitionLayout,SystemUI-compose-scene
com/android/compose/animation/scene/DraggableHandler.kt,compose/scene/src/com/android/compose/animation/scene/DraggableHandler.kt,compose/scene,PlatformComposeSceneTransitionLayout,SystemUI-compose-scene
com/android/compose/animation/scene/EdgeDetector.kt,compose/scene/src/com/android/compose/animation/scene/EdgeDetector.kt,compose/scene,PlatformComposeSceneTransitionLayout,SystemUI-compose-scene
com/android/compose/animation/scene/Element.kt,compose/scene/src/com/android/compose/animation/scene/Element.kt,compose/scene,PlatformComposeSceneTransitionLayout,SystemUI-compose-scene
com/android/compose/animation/scene/ElementMatcher.kt,compose/scene/src/com/android/compose/animation/scene/ElementMatcher.kt,compose/scene,PlatformComposeSceneTransitionLayout,SystemUI-compose-scene
com/android/compose/animation/scene/InterruptionHandler.kt,compose/scene/src/com/android/compose/animation/scene/InterruptionHandler.kt,compose/scene,PlatformComposeSceneTransitionLayout,SystemUI-compose-scene
com/android/compose/animation/scene/Key.kt,compose/scene/src/com/android/compose/animation/scene/Key.kt,compose/scene,PlatformComposeSceneTransitionLayout,SystemUI-compose-scene
com/android/compose/animation/scene/MovableElement.kt,compose/scene/src/com/android/compose/animation/scene/MovableElement.kt,compose/scene,PlatformComposeSceneTransitionLayout,SystemUI-compose-scene
com/android/compose/animation/scene/MultiPointerDraggable.kt,compose/scene/src/com/android/compose/animation/scene/MultiPointerDraggable.kt,compose/scene,PlatformComposeSceneTransitionLayout,SystemUI-compose-scene
com/android/compose/animation/scene/NestedScrollToScene.kt,compose/scene/src/com/android/compose/animation/scene/NestedScrollToScene.kt,compose/scene,PlatformComposeSceneTransitionLayout,SystemUI-compose-scene
com/android/compose/animation/scene/ObservableTransitionState.kt,compose/scene/src/com/android/compose/animation/scene/ObservableTransitionState.kt,compose/scene,PlatformComposeSceneTransitionLayout,SystemUI-compose-scene
com/android/compose/animation/scene/PredictiveBackHandler.kt,compose/scene/src/com/android/compose/animation/scene/PredictiveBackHandler.kt,compose/scene,PlatformComposeSceneTransitionLayout,SystemUI-compose-scene
com/android/compose/animation/scene/SceneTransitionLayout.kt,compose/scene/src/com/android/compose/animation/scene/SceneTransitionLayout.kt,compose/scene,PlatformComposeSceneTransitionLayout,SystemUI-compose-scene
com/android/compose/animation/scene/SceneTransitionLayoutImpl.kt,compose/scene/src/com/android/compose/animation/scene/SceneTransitionLayoutImpl.kt,compose/scene,PlatformComposeSceneTransitionLayout,SystemUI-compose-scene
com/android/compose/animation/scene/SceneTransitionLayoutState.kt,compose/scene/src/com/android/compose/animation/scene/SceneTransitionLayoutState.kt,compose/scene,PlatformComposeSceneTransitionLayout,SystemUI-compose-scene
com/android/compose/animation/scene/SceneTransitions.kt,compose/scene/src/com/android/compose/animation/scene/SceneTransitions.kt,compose/scene,PlatformComposeSceneTransitionLayout,SystemUI-compose-scene
com/android/compose/animation/scene/SharedElement.kt,compose/scene/src/com/android/compose/animation/scene/SharedElement.kt,compose/scene,PlatformComposeSceneTransitionLayout,SystemUI-compose-scene
com/android/compose/animation/scene/SwipeAnimation.kt,compose/scene/src/com/android/compose/animation/scene/SwipeAnimation.kt,compose/scene,PlatformComposeSceneTransitionLayout,SystemUI-compose-scene
com/android/compose/animation/scene/SwipeDetector.kt,compose/scene/src/com/android/compose/animation/scene/SwipeDetector.kt,compose/scene,PlatformComposeSceneTransitionLayout,SystemUI-compose-scene
com/android/compose/animation/scene/SwipeToScene.kt,compose/scene/src/com/android/compose/animation/scene/SwipeToScene.kt,compose/scene,PlatformComposeSceneTransitionLayout,SystemUI-compose-scene
com/android/compose/animation/scene/TransitionDsl.kt,compose/scene/src/com/android/compose/animation/scene/TransitionDsl.kt,compose/scene,PlatformComposeSceneTransitionLayout,SystemUI-compose-scene
com/android/compose/animation/scene/TransitionDslImpl.kt,compose/scene/src/com/android/compose/animation/scene/TransitionDslImpl.kt,compose/scene,PlatformComposeSceneTransitionLayout,SystemUI-compose-scene
com/android/compose/animation/scene/UserActionDistanceScopeImpl.kt,compose/scene/src/com/android/compose/animation/scene/UserActionDistanceScopeImpl.kt,compose/scene,PlatformComposeSceneTransitionLayout,SystemUI-compose-scene
com/android/compose/animation/scene/content/Content.kt,compose/scene/src/com/android/compose/animation/scene/content/Content.kt,compose/scene,PlatformComposeSceneTransitionLayout,SystemUI-compose-scene
com/android/compose/animation/scene/content/Overlay.kt,compose/scene/src/com/android/compose/animation/scene/content/Overlay.kt,compose/scene,PlatformComposeSceneTransitionLayout,SystemUI-compose-scene
com/android/compose/animation/scene/content/Scene.kt,compose/scene/src/com/android/compose/animation/scene/content/Scene.kt,compose/scene,PlatformComposeSceneTransitionLayout,SystemUI-compose-scene
com/android/compose/animation/scene/content/state/TransitionState.kt,compose/scene/src/com/android/compose/animation/scene/content/state/TransitionState.kt,compose/scene,PlatformComposeSceneTransitionLayout,SystemUI-compose-scene
com/android/compose/animation/scene/effect/ContentOverscrollEffect.kt,compose/scene/src/com/android/compose/animation/scene/effect/ContentOverscrollEffect.kt,compose/scene,PlatformComposeSceneTransitionLayout,SystemUI-compose-scene
com/android/compose/animation/scene/effect/OffsetOverscrollEffect.kt,compose/scene/src/com/android/compose/animation/scene/effect/OffsetOverscrollEffect.kt,compose/scene,PlatformComposeSceneTransitionLayout,SystemUI-compose-scene
com/android/compose/animation/scene/modifiers/Size.kt,compose/scene/src/com/android/compose/animation/scene/modifiers/Size.kt,compose/scene,PlatformComposeSceneTransitionLayout,SystemUI-compose-scene
com/android/compose/animation/scene/modifiers/SizeMatcher.kt,compose/scene/src/com/android/compose/animation/scene/modifiers/SizeMatcher.kt,compose/scene,PlatformComposeSceneTransitionLayout,SystemUI-compose-scene
com/android/compose/animation/scene/reveal/ContainerReveal.kt,compose/scene/src/com/android/compose/animation/scene/reveal/ContainerReveal.kt,compose/scene,PlatformComposeSceneTransitionLayout,SystemUI-compose-scene
com/android/compose/animation/scene/testing/ElementStateAccess.kt,compose/scene/src/com/android/compose/animation/scene/testing/ElementStateAccess.kt,compose/scene,PlatformComposeSceneTransitionLayout,SystemUI-compose-scene
com/android/compose/animation/scene/transformation/AnchoredSize.kt,compose/scene/src/com/android/compose/animation/scene/transformation/AnchoredSize.kt,compose/scene,PlatformComposeSceneTransitionLayout,SystemUI-compose-scene
com/android/compose/animation/scene/transformation/AnchoredTranslate.kt,compose/scene/src/com/android/compose/animation/scene/transformation/AnchoredTranslate.kt,compose/scene,PlatformComposeSceneTransitionLayout,SystemUI-compose-scene
com/android/compose/animation/scene/transformation/DrawScale.kt,compose/scene/src/com/android/compose/animation/scene/transformation/DrawScale.kt,compose/scene,PlatformComposeSceneTransitionLayout,SystemUI-compose-scene
com/android/compose/animation/scene/transformation/EdgeTranslate.kt,compose/scene/src/com/android/compose/animation/scene/transformation/EdgeTranslate.kt,compose/scene,PlatformComposeSceneTransitionLayout,SystemUI-compose-scene
com/android/compose/animation/scene/transformation/Fade.kt,compose/scene/src/com/android/compose/animation/scene/transformation/Fade.kt,compose/scene,PlatformComposeSceneTransitionLayout,SystemUI-compose-scene
com/android/compose/animation/scene/transformation/ScaleSize.kt,compose/scene/src/com/android/compose/animation/scene/transformation/ScaleSize.kt,compose/scene,PlatformComposeSceneTransitionLayout,SystemUI-compose-scene
com/android/compose/animation/scene/transformation/Transformation.kt,compose/scene/src/com/android/compose/animation/scene/transformation/Transformation.kt,compose/scene,PlatformComposeSceneTransitionLayout,SystemUI-compose-scene
com/android/compose/animation/scene/transformation/Translate.kt,compose/scene/src/com/android/compose/animation/scene/transformation/Translate.kt,compose/scene,PlatformComposeSceneTransitionLayout,SystemUI-compose-scene
com/android/compose/animation/scene/transition/Seek.kt,compose/scene/src/com/android/compose/animation/scene/transition/Seek.kt,compose/scene,PlatformComposeSceneTransitionLayout,SystemUI-compose-scene
com/android/compose/nestedscroll/LargeTopAppBarNestedScrollConnection.kt,compose/scene/src/com/android/compose/nestedscroll/LargeTopAppBarNestedScrollConnection.kt,compose/scene,PlatformComposeSceneTransitionLayout,SystemUI-compose-scene
com/android/compose/nestedscroll/PriorityNestedScrollConnection.kt,compose/scene/src/com/android/compose/nestedscroll/PriorityNestedScrollConnection.kt,compose/scene,PlatformComposeSceneTransitionLayout,SystemUI-compose-scene
com/android/compose/ui/util/IntIndexedMap.kt,compose/scene/src/com/android/compose/ui/util/IntIndexedMap.kt,compose/scene,PlatformComposeSceneTransitionLayout,SystemUI-compose-scene
com/android/compose/ui/util/MathHelpers.kt,compose/scene/src/com/android/compose/ui/util/MathHelpers.kt,compose/scene,PlatformComposeSceneTransitionLayout,SystemUI-compose-scene
com/android/compose/ui/util/SpaceVectorConverter.kt,compose/scene/src/com/android/compose/ui/util/SpaceVectorConverter.kt,compose/scene,PlatformComposeSceneTransitionLayout,SystemUI-compose-scene
com/android/systemui/dagger/SysUISingleton.java,pods/com/android/systemui/dagger/SysUISingleton.java,pods/com/android/systemui/dagger,api,SystemUI-pods-dagger
com/android/systemui/dagger/qualifiers/Application.java,pods/com/android/systemui/dagger/qualifiers/Application.java,pods/com/android/systemui/dagger,api,SystemUI-pods-dagger
com/android/systemui/dagger/qualifiers/Background.java,pods/com/android/systemui/dagger/qualifiers/Background.java,pods/com/android/systemui/dagger,api,SystemUI-pods-dagger
com/android/systemui/retail/data/repository/RetailModeRepository.kt,pods/com/android/systemui/retail/data/repository/RetailModeRepository.kt,pods/com/android/systemui/retail/data,api,SystemUI-pods-data
com/android/systemui/retail/data/repository/impl/RetailModeSettingsRepository.kt,pods/com/android/systemui/retail/data/repository/impl/RetailModeSettingsRepository.kt,pods/com/android/systemui/retail/data,impl,SystemUI-pods-data
com/android/systemui/retail/domain/interactor/RetailModeInteractor.kt,pods/com/android/systemui/retail/domain/interactor/RetailModeInteractor.kt,pods/com/android/systemui/retail/domain,api,SystemUI-pods-domain
com/android/systemui/retail/domain/interactor/impl/RetailModeInteractorImpl.kt,pods/com/android/systemui/retail/domain/interactor/impl/RetailModeInteractorImpl.kt,pods/com/android/systemui/retail/domain,impl,SystemUI-pods-domain
com/android/systemui/retail/RetailModeModule.kt,pods/com/android/systemui/retail/RetailModeModule.kt,pods/com/android/systemui/retail,impl,SystemUI-pods-retail
com/android/systemui/util/settings/GlobalSettings.java,pods/com/android/systemui/util/settings/GlobalSettings.java,pods/com/android/systemui/util/settings,api,SystemUI-pods-settings
com/android/systemui/util/settings/GlobalSettingsImpl.java,pods/com/android/systemui/util/settings/GlobalSettingsImpl.java,pods/com/android/systemui/util/settings,api,SystemUI-pods-settings
com/android/systemui/util/settings/SecureSettings.java,pods/com/android/systemui/util/settings/SecureSettings.java,pods/com/android/systemui/util/settings,api,SystemUI-pods-settings
com/android/systemui/util/settings/SecureSettingsImpl.java,pods/com/android/systemui/util/settings/SecureSettingsImpl.java,pods/com/android/systemui/util/settings,api,SystemUI-pods-settings
com/android/systemui/util/settings/SettingsProxy.kt,pods/com/android/systemui/util/settings/SettingsProxy.kt,pods/com/android/systemui/util/settings,api,SystemUI-pods-settings
com/android/systemui/util/settings/SettingsProxyExt.kt,pods/com/android/systemui/util/settings/SettingsProxyExt.kt,pods/com/android/systemui/util/settings,api,SystemUI-pods-settings
com/android/systemui/util/settings/SettingsSingleThreadBackground.java,pods/com/android/systemui/util/settings/SettingsSingleThreadBackground.java,pods/com/android/systemui/util/settings,api,SystemUI-pods-settings
com/android/systemui/util/settings/SystemSettings.java,pods/com/android/systemui/util/settings/SystemSettings.java,pods/com/android/systemui/util/settings,api,SystemUI-pods-settings
com/android/systemui/util/settings/SystemSettingsImpl.java,pods/com/android/systemui/util/settings/SystemSettingsImpl.java,pods/com/android/systemui/util/settings,api,SystemUI-pods-settings
com/android/systemui/util/settings/UserSettingsProxy.kt,pods/com/android/systemui/util/settings/UserSettingsProxy.kt,pods/com/android/systemui/util/settings,api,SystemUI-pods-settings
com/android/systemui/biometrics/UdfpsUtils.java,shared/biometrics/src/com/android/systemui/biometrics/UdfpsUtils.java,shared/biometrics,BiometricsSharedLib,SystemUI-shared-biometrics
com/android/systemui/biometrics/Utils.kt,shared/biometrics/src/com/android/systemui/biometrics/Utils.kt,shared/biometrics,BiometricsSharedLib,SystemUI-shared-biometrics
com/android/systemui/biometrics/shared/model/BiometricModalities.kt,shared/biometrics/src/com/android/systemui/biometrics/shared/model/BiometricModalities.kt,shared/biometrics,BiometricsSharedLib,SystemUI-shared-biometrics
com/android/systemui/biometrics/shared/model/BiometricModality.kt,shared/biometrics/src/com/android/systemui/biometrics/shared/model/BiometricModality.kt,shared/biometrics,BiometricsSharedLib,SystemUI-shared-biometrics
com/android/systemui/biometrics/shared/model/BiometricUserInfo.kt,shared/biometrics/src/com/android/systemui/biometrics/shared/model/BiometricUserInfo.kt,shared/biometrics,BiometricsSharedLib,SystemUI-shared-biometrics
com/android/systemui/biometrics/shared/model/FingerprintSensor.kt,shared/biometrics/src/com/android/systemui/biometrics/shared/model/FingerprintSensor.kt,shared/biometrics,BiometricsSharedLib,SystemUI-shared-biometrics
com/android/systemui/biometrics/shared/model/FingerprintSensorType.kt,shared/biometrics/src/com/android/systemui/biometrics/shared/model/FingerprintSensorType.kt,shared/biometrics,BiometricsSharedLib,SystemUI-shared-biometrics
com/android/systemui/biometrics/shared/model/LockoutMode.kt,shared/biometrics/src/com/android/systemui/biometrics/shared/model/LockoutMode.kt,shared/biometrics,BiometricsSharedLib,SystemUI-shared-biometrics
com/android/systemui/biometrics/shared/model/PromptKind.kt,shared/biometrics/src/com/android/systemui/biometrics/shared/model/PromptKind.kt,shared/biometrics,BiometricsSharedLib,SystemUI-shared-biometrics
com/android/systemui/biometrics/shared/model/SensorStrength.kt,shared/biometrics/src/com/android/systemui/biometrics/shared/model/SensorStrength.kt,shared/biometrics,BiometricsSharedLib,SystemUI-shared-biometrics
com/android/systemui/biometrics/shared/model/UdfpsOverlayParams.kt,shared/biometrics/src/com/android/systemui/biometrics/shared/model/UdfpsOverlayParams.kt,shared/biometrics,BiometricsSharedLib,SystemUI-shared-biometrics
com/android/keyguard/BasePasswordTextView.java,shared/keyguard/src/com/android/keyguard/BasePasswordTextView.java,shared/keyguard,SystemUISharedLib-Keyguard,SystemUI-shared-keyguard
com/android/keyguard/PinShapeInput.java,shared/keyguard/src/com/android/keyguard/PinShapeInput.java,shared/keyguard,SystemUISharedLib-Keyguard,SystemUI-shared-keyguard
com/android/systemui/kairos/Combinators.kt,utils/kairos/src/com/android/systemui/kairos/Combinators.kt,utils/kairos,kairos,SystemUI-utils-kairos
com/android/systemui/kairos/FrpBuildScope.kt,utils/kairos/src/com/android/systemui/kairos/FrpBuildScope.kt,utils/kairos,kairos,SystemUI-utils-kairos
com/android/systemui/kairos/FrpEffectScope.kt,utils/kairos/src/com/android/systemui/kairos/FrpEffectScope.kt,utils/kairos,kairos,SystemUI-utils-kairos
com/android/systemui/kairos/FrpNetwork.kt,utils/kairos/src/com/android/systemui/kairos/FrpNetwork.kt,utils/kairos,kairos,SystemUI-utils-kairos
com/android/systemui/kairos/FrpScope.kt,utils/kairos/src/com/android/systemui/kairos/FrpScope.kt,utils/kairos,kairos,SystemUI-utils-kairos
com/android/systemui/kairos/FrpStateScope.kt,utils/kairos/src/com/android/systemui/kairos/FrpStateScope.kt,utils/kairos,kairos,SystemUI-utils-kairos
com/android/systemui/kairos/FrpTransactionScope.kt,utils/kairos/src/com/android/systemui/kairos/FrpTransactionScope.kt,utils/kairos,kairos,SystemUI-utils-kairos
com/android/systemui/kairos/TFlow.kt,utils/kairos/src/com/android/systemui/kairos/TFlow.kt,utils/kairos,kairos,SystemUI-utils-kairos
com/android/systemui/kairos/TState.kt,utils/kairos/src/com/android/systemui/kairos/TState.kt,utils/kairos,kairos,SystemUI-utils-kairos
com/android/systemui/kairos/Transactional.kt,utils/kairos/src/com/android/systemui/kairos/Transactional.kt,utils/kairos,kairos,SystemUI-utils-kairos
com/android/systemui/kairos/debug/Debug.kt,utils/kairos/src/com/android/systemui/kairos/debug/Debug.kt,utils/kairos,kairos,SystemUI-utils-kairos
com/android/systemui/kairos/internal/BuildScopeImpl.kt,utils/kairos/src/com/android/systemui/kairos/internal/BuildScopeImpl.kt,utils/kairos,kairos,SystemUI-utils-kairos
com/android/systemui/kairos/internal/DeferScope.kt,utils/kairos/src/com/android/systemui/kairos/internal/DeferScope.kt,utils/kairos,kairos,SystemUI-utils-kairos
com/android/systemui/kairos/internal/Demux.kt,utils/kairos/src/com/android/systemui/kairos/internal/Demux.kt,utils/kairos,kairos,SystemUI-utils-kairos
com/android/systemui/kairos/internal/EvalScopeImpl.kt,utils/kairos/src/com/android/systemui/kairos/internal/EvalScopeImpl.kt,utils/kairos,kairos,SystemUI-utils-kairos
com/android/systemui/kairos/internal/FilterNode.kt,utils/kairos/src/com/android/systemui/kairos/internal/FilterNode.kt,utils/kairos,kairos,SystemUI-utils-kairos
com/android/systemui/kairos/internal/Graph.kt,utils/kairos/src/com/android/systemui/kairos/internal/Graph.kt,utils/kairos,kairos,SystemUI-utils-kairos
com/android/systemui/kairos/internal/Init.kt,utils/kairos/src/com/android/systemui/kairos/internal/Init.kt,utils/kairos,kairos,SystemUI-utils-kairos
com/android/systemui/kairos/internal/Inputs.kt,utils/kairos/src/com/android/systemui/kairos/internal/Inputs.kt,utils/kairos,kairos,SystemUI-utils-kairos
com/android/systemui/kairos/internal/InternalScopes.kt,utils/kairos/src/com/android/systemui/kairos/internal/InternalScopes.kt,utils/kairos,kairos,SystemUI-utils-kairos
com/android/systemui/kairos/internal/Mux.kt,utils/kairos/src/com/android/systemui/kairos/internal/Mux.kt,utils/kairos,kairos,SystemUI-utils-kairos
com/android/systemui/kairos/internal/MuxDeferred.kt,utils/kairos/src/com/android/systemui/kairos/internal/MuxDeferred.kt,utils/kairos,kairos,SystemUI-utils-kairos
com/android/systemui/kairos/internal/MuxPrompt.kt,utils/kairos/src/com/android/systemui/kairos/internal/MuxPrompt.kt,utils/kairos,kairos,SystemUI-utils-kairos
com/android/systemui/kairos/internal/Network.kt,utils/kairos/src/com/android/systemui/kairos/internal/Network.kt,utils/kairos,kairos,SystemUI-utils-kairos
com/android/systemui/kairos/internal/NoScope.kt,utils/kairos/src/com/android/systemui/kairos/internal/NoScope.kt,utils/kairos,kairos,SystemUI-utils-kairos
com/android/systemui/kairos/internal/NodeTypes.kt,utils/kairos/src/com/android/systemui/kairos/internal/NodeTypes.kt,utils/kairos,kairos,SystemUI-utils-kairos
com/android/systemui/kairos/internal/Output.kt,utils/kairos/src/com/android/systemui/kairos/internal/Output.kt,utils/kairos,kairos,SystemUI-utils-kairos
com/android/systemui/kairos/internal/PullNodes.kt,utils/kairos/src/com/android/systemui/kairos/internal/PullNodes.kt,utils/kairos,kairos,SystemUI-utils-kairos
com/android/systemui/kairos/internal/Scheduler.kt,utils/kairos/src/com/android/systemui/kairos/internal/Scheduler.kt,utils/kairos,kairos,SystemUI-utils-kairos
com/android/systemui/kairos/internal/StateScopeImpl.kt,utils/kairos/src/com/android/systemui/kairos/internal/StateScopeImpl.kt,utils/kairos,kairos,SystemUI-utils-kairos
com/android/systemui/kairos/internal/TFlowImpl.kt,utils/kairos/src/com/android/systemui/kairos/internal/TFlowImpl.kt,utils/kairos,kairos,SystemUI-utils-kairos
com/android/systemui/kairos/internal/TStateImpl.kt,utils/kairos/src/com/android/systemui/kairos/internal/TStateImpl.kt,utils/kairos,kairos,SystemUI-utils-kairos
com/android/systemui/kairos/internal/TransactionalImpl.kt,utils/kairos/src/com/android/systemui/kairos/internal/TransactionalImpl.kt,utils/kairos,kairos,SystemUI-utils-kairos
com/android/systemui/kairos/internal/util/Bag.kt,utils/kairos/src/com/android/systemui/kairos/internal/util/Bag.kt,utils/kairos,kairos,SystemUI-utils-kairos
com/android/systemui/kairos/internal/util/ConcurrentNullableHashMap.kt,utils/kairos/src/com/android/systemui/kairos/internal/util/ConcurrentNullableHashMap.kt,utils/kairos,kairos,SystemUI-utils-kairos
com/android/systemui/kairos/internal/util/HeteroMap.kt,utils/kairos/src/com/android/systemui/kairos/internal/util/HeteroMap.kt,utils/kairos,kairos,SystemUI-utils-kairos
com/android/systemui/kairos/internal/util/MapUtils.kt,utils/kairos/src/com/android/systemui/kairos/internal/util/MapUtils.kt,utils/kairos,kairos,SystemUI-utils-kairos
com/android/systemui/kairos/internal/util/Util.kt,utils/kairos/src/com/android/systemui/kairos/internal/util/Util.kt,utils/kairos,kairos,SystemUI-utils-kairos
com/android/systemui/kairos/util/Either.kt,utils/kairos/src/com/android/systemui/kairos/util/Either.kt,utils/kairos,kairos,SystemUI-utils-kairos
com/android/systemui/kairos/util/Maybe.kt,utils/kairos/src/com/android/systemui/kairos/util/Maybe.kt,utils/kairos,kairos,SystemUI-utils-kairos
com/android/systemui/kairos/util/These.kt,utils/kairos/src/com/android/systemui/kairos/util/These.kt,utils/kairos,kairos,SystemUI-utils-kairos
com/android/systemui/kairos/util/WithPrev.kt,utils/kairos/src/com/android/systemui/kairos/util/WithPrev.kt,utils/kairos,kairos,SystemUI-utils-kairos
